{
  "parent": "minecraft:item/generated",
  "textures": {
    "layer0": "minecraft:item/baked_potato"
  },
  "overrides": [
    {
      "predicate": {
        "custom_model_data": 1
      },
      "model": "strawberry:item/cooked_rice"
    },
    {
      "predicate": {
        "custom_model_data": 2
      },
      "model": "strawberry:item/cabbage_leaf"
    },
    {
      "predicate": {
        "custom_model_data": 3
      },
      "model": "strawberry:item/onion"
    },
    {
      "predicate": {
        "custom_model_data": 4
      },
      "model": "strawberry:item/tomato"
    }
  ]
}