{
  "parent": "minecraft:item/generated",
  "textures": {
    "layer0": "minecraft:item/shears"
  },
  "overrides": [
    {
      "predicate": {
        "custom_model_data": 1
      },
      "model": "strawberry:item/tools/copper_shears"
    },
    {
      "predicate": {
        "custom_model_data": 2
      },
      "model": "strawberry:item/tools/crying_obsidian_shears"
    },
    {
      "predicate": {
        "custom_model_data": 3
      },
      "model": "strawberry:item/tools/diamond_shears"
    },
    {
      "predicate": {
        "custom_model_data": 4
      },
      "model": "strawberry:item/tools/netherite_shears"
    },
    {
      "predicate": {
        "custom_model_data": 5
      },
      "model": "strawberry:item/tools/obsidian_shears"
    },
    {
      "predicate": {
        "custom_model_data": 6
      },
      "model": "strawberry:item/tools/reinforced_obsidian_shears"
    }
  ]
}