{
  "parent": "minecraft:item/generated",
  "textures": {
    "layer0": "minecraft:item/wheat_seeds"
  },
  "overrides": [
    {
      "predicate": {
        "custom_model_data": 2
      },
      "model": "strawberry:item/rice_seeds"
    },
    {
      "predicate": {
        "custom_model_data": 6
      },
      "model": "strawberry:item/cabbage_seeds"
    },
    {
      "predicate": {
        "custom_model_data": 10
      },
      "model": "strawberry:item/onion_seeds"
    },
    {
      "predicate": {
        "custom_model_data": 14
      },
      "model": "strawberry:item/tomato_seeds"
    }
  ]
}