[{
  "A": 6,
  "B": 6,
  "C": 3,
  "D": 6,
  "E": 6,
  "F": 6,
  "G": 4,
  "H": 6,
  "I": 2,
  "J": 2,
  "K": 6,
  "L": 4,
  "M": 6,
  "N": 5,
  "O": 5,
  "P": 4,
  "Q": 6,
  "R": 5,
  "S": 3,
  "T": 6,
  "U": 6,
  "V": 6,
  "W": 6,
  "X": 6,
  "Y": 4,
  "Z": 6,
  "a": 6,
  "b": 6,
  "c": 3,
  "d": 6,
  "e": 6,
  "f": 6,
  "g": 4,
  "h": 6,
  "i": 2,
  "j": 2,
  "k": 6,
  "l": 4,
  "m": 6,
  "n": 5,
  "o": 5,
  "p": 4,
  "q": 6,
  "r": 5,
  "s": 3,
  "t": 6,
  "u": 6,
  "v": 6,
  "w": 6,
  "x": 6,
  "y": 4,
  "z": 6
},
  {
    "0": 6,
    "1": 6,
    "2": 6,
    "3": 6,
    "4": 6,
    "5": 6,
    "6": 6,
    "7": 6,
    "8": 6,
    "9": 6,
    " ": 4,
    "!": 2,
    "\"": 4,
    "#": 6,
    "$": 6,
    "%": 6,
    "&": 6,
    "'": 2,
    "(": 4,
    ")": 4,
    "*": 4,
    "+": 6,
    ",": 2,
    "-": 6,
    ".": 2,
    "/": 6,
    ":": 2,
    ";": 2,
    "<": 5,
    "=": 6,
    ">": 5,
    "?": 6,
    "@": 7,
    "A": 6,
    "B": 6,
    "C": 6,
    "D": 6,
    "E": 6,
    "F": 6,
    "G": 6,
    "H": 6,
    "I": 4,
    "J": 6,
    "K": 6,
    "L": 6,
    "M": 6,
    "N": 6,
    "O": 6,
    "P": 6,
    "Q": 6,
    "R": 6,
    "S": 6,
    "T": 6,
    "U": 6,
    "V": 6,
    "W": 6,
    "X": 6,
    "Y": 6,
    "Z": 6,
    "[": 4,
    "\\": 6,
    "]": 4,
    "^": 6,
    "_": 6,
    "`": 3,
    "a": 6,
    "b": 6,
    "c": 6,
    "d": 6,
    "e": 6,
    "f": 5,
    "g": 6,
    "h": 6,
    "i": 2,
    "j": 6,
    "k": 5,
    "l": 3,
    "m": 6,
    "n": 6,
    "o": 6,
    "p": 6,
    "q": 6,
    "r": 6,
    "s": 6,
    "t": 4,
    "u": 6,
    "v": 6,
    "w": 6,
    "x": 6,
    "y": 6,
    "z": 6,
    "{": 4,
    "|": 2,
    "}": 4,
    "~": 7,
    "£": 6,
    "ª": 5,
    "«": 7,
    "¬": 6,
    "°": 5,
    "±": 6,
    "²": 5,
    "º": 5,
    "»": 7,
    "÷": 6,
    "ƒ": 6,
    "ⁿ": 5,
    "∅": 8,
    "∈": 6,
    "∙": 6,
    "√": 7,
    "≈": 7,
    "≡": 7,
    "≤": 6,
    "≥": 6,
    "⌠": 8,
    "⌡": 5,
    "─": 9,
    "│": 6,
    "┌": 9,
    "┐": 6,
    "└": 9,
    "┘": 6,
    "├": 9,
    "┤": 6,
    "┬": 9,
    "┴": 9,
    "┼": 9,
    "═": 9,
    "║": 8,
    "╒": 9,
    "╓": 9,
    "╔": 9,
    "╕": 6,
    "╖": 8,
    "╗": 8,
    "╘": 9,
    "╙": 9,
    "╚": 9,
    "╛": 6,
    "╜": 8,
    "╝": 8,
    "╞": 9,
    "╟": 9,
    "╠": 9,
    "╡": 6,
    "╢": 8,
    "╣": 8,
    "╤": 9,
    "╥": 9,
    "╦": 9,
    "╧": 9,
    "╨": 9,
    "╩": 9,
    "╪": 9,
    "╫": 9,
    "╬": 9,
    "▀": 9,
    "▄": 9,
    "█": 9,
    "▌": 5,
    "▐": 9,
    "░": 8,
    "▒": 9,
    "▓": 9,
    "■": 6
  },
  {
    "À": 6,
    "Á": 6,
    "Â": 6,
    "Ã": 6,
    "Ä": 6,
    "Å": 6,
    "Æ": 10,
    "Ç": 6,
    "È": 6,
    "É": 6,
    "Ê": 6,
    "Ë": 6,
    "Ì": 4,
    "Í": 4,
    "Î": 4,
    "Ï": 4,
    "Ð": 7,
    "Ñ": 6,
    "Ò": 6,
    "Ó": 6,
    "Ô": 6,
    "Õ": 6,
    "Ö": 6,
    "Ù": 6,
    "Ú": 6,
    "Û": 6,
    "Ü": 6,
    "Ý": 6,
    "à": 6,
    "á": 6,
    "â": 6,
    "ã": 6,
    "ä": 6,
    "å": 6,
    "æ": 10,
    "ç": 6,
    "è": 6,
    "é": 6,
    "ê": 6,
    "ë": 6,
    "ì": 3,
    "í": 3,
    "î": 4,
    "ï": 4,
    "ñ": 6,
    "ò": 6,
    "ó": 6,
    "ô": 6,
    "õ": 6,
    "ö": 6,
    "ù": 6,
    "ú": 6,
    "û": 6,
    "ü": 6,
    "ý": 6,
    "ÿ": 6,
    "Ā": 6,
    "ā": 6,
    "Ă": 6,
    "ă": 6,
    "Ą": 6,
    "ą": 6,
    "Ć": 6,
    "ć": 6,
    "Ĉ": 6,
    "ĉ": 6,
    "Ċ": 6,
    "ċ": 6,
    "Č": 6,
    "č": 6,
    "Ď": 6,
    "ď": 8,
    "Đ": 7,
    "đ": 7,
    "Ē": 6,
    "ē": 6,
    "Ĕ": 6,
    "ĕ": 6,
    "Ė": 6,
    "ė": 6,
    "Ę": 6,
    "ę": 6,
    "Ě": 6,
    "ě": 6,
    "Ĝ": 6,
    "ĝ": 6,
    "Ğ": 6,
    "ğ": 6,
    "Ġ": 6,
    "ġ": 6,
    "Ģ": 6,
    "ģ": 6,
    "Ĥ": 6,
    "ĥ": 6,
    "Ħ": 8,
    "ħ": 7,
    "Ĩ": 5,
    "ĩ": 5,
    "Ī": 4,
    "ī": 4,
    "Ĭ": 5,
    "ĭ": 5,
    "Į": 4,
    "į": 3,
    "İ": 4,
    "ı": 2,
    "Ĵ": 6,
    "ĵ": 6,
    "Ķ": 6,
    "ķ": 5,
    "Ĺ": 6,
    "ĺ": 3,
    "Ļ": 6,
    "ļ": 3,
    "Ľ": 6,
    "ľ": 4,
    "Ŀ": 6,
    "ŀ": 4,
    "Ł": 7,
    "ł": 5,
    "Ń": 6,
    "ń": 6,
    "Ņ": 6,
    "ņ": 6,
    "Ň": 6,
    "ň": 6,
    "ŉ": 8,
    "Ŋ": 6,
    "ŋ": 6,
    "Ō": 6,
    "ō": 6,
    "Ŏ": 6,
    "ŏ": 6,
    "Ő": 6,
    "ő": 6,
    "Œ": 10,
    "œ": 10,
    "Ŕ": 6,
    "ŕ": 6,
    "Ŗ": 6,
    "ŗ": 6,
    "Ř": 6,
    "ř": 6,
    "Ś": 6,
    "ś": 6,
    "Ŝ": 6,
    "ŝ": 6,
    "Ş": 6,
    "ş": 6,
    "Š": 6,
    "š": 6,
    "Ţ": 6,
    "ţ": 4,
    "Ť": 6,
    "ť": 5,
    "Ŧ": 6,
    "ŧ": 4,
    "Ũ": 6,
    "ũ": 6,
    "Ū": 6,
    "ū": 6,
    "Ŭ": 6,
    "ŭ": 6,
    "Ů": 6,
    "ů": 6,
    "Ű": 6,
    "ű": 6,
    "Ų": 6,
    "ų": 6,
    "Ŵ": 6,
    "ŵ": 6,
    "Ŷ": 6,
    "ŷ": 6,
    "Ÿ": 6,
    "Ź": 6,
    "ź": 6,
    "Ż": 6,
    "ż": 6,
    "Ž": 6,
    "ž": 6,
    "ƀ": 7,
    "Ƃ": 6,
    "ƃ": 6,
    "Ƈ": 7,
    "ƈ": 7,
    "Ɗ": 8,
    "Ƌ": 6,
    "ƌ": 6,
    "ƍ": 6,
    "Ɠ": 7,
    "Ɣ": 6,
    "ƕ": 9,
    "Ɩ": 4,
    "Ɨ": 4,
    "Ƙ": 6,
    "ƙ": 5,
    "Ɯ": 6,
    "Ɲ": 7,
    "Ơ": 8,
    "ơ": 8,
    "Ƣ": 8,
    "ƣ": 8,
    "Ƥ": 8,
    "ƥ": 6,
    "Ʀ": 6,
    "ƫ": 4,
    "Ƭ": 7,
    "ƭ": 4,
    "Ʈ": 6,
    "Ư": 8,
    "ư": 8,
    "Ʊ": 6,
    "Ƴ": 7,
    "ƴ": 8,
    "Ƶ": 6,
    "ƶ": 6,
    "ƺ": 6,
    "Ǆ": 10,
    "ǅ": 10,
    "ǆ": 10,
    "Ǉ": 10,
    "ǈ": 10,
    "Ǌ": 10,
    "ǋ": 10,
    "ǌ": 10,
    "Ǎ": 6,
    "ǎ": 6,
    "Ǐ": 4,
    "ǐ": 4,
    "Ǒ": 6,
    "ǒ": 6,
    "Ǔ": 6,
    "ǔ": 6,
    "Ǖ": 6,
    "ǖ": 6,
    "Ǘ": 6,
    "ǘ": 6,
    "Ǚ": 6,
    "ǚ": 6,
    "Ǜ": 6,
    "ǜ": 6,
    "Ǟ": 6,
    "ǟ": 6,
    "Ǡ": 6,
    "ǡ": 6,
    "Ǣ": 10,
    "ǣ": 10,
    "Ǥ": 7,
    "ǥ": 7,
    "Ǧ": 6,
    "ǧ": 6,
    "Ǩ": 6,
    "ǩ": 5,
    "Ǫ": 6,
    "ǫ": 6,
    "Ǭ": 6,
    "ǭ": 6,
    "Ǯ": 6,
    "ǯ": 6,
    "ǰ": 6,
    "Ǳ": 10,
    "ǲ": 10,
    "ǳ": 10,
    "Ǵ": 6,
    "ǵ": 6,
    "Ƕ": 9,
    "Ǹ": 6,
    "ǹ": 6,
    "Ǻ": 6,
    "ǻ": 6,
    "Ǽ": 10,
    "ǽ": 10,
    "Ǿ": 6,
    "ǿ": 6,
    "Ȁ": 6,
    "ȁ": 6,
    "Ȃ": 6,
    "ȃ": 6,
    "Ȅ": 6,
    "ȅ": 6,
    "Ȇ": 6,
    "ȇ": 6,
    "Ȉ": 6,
    "ȉ": 6,
    "Ȋ": 5,
    "ȋ": 5,
    "Ȍ": 6,
    "ȍ": 6,
    "Ȏ": 6,
    "ȏ": 6,
    "Ȑ": 6,
    "ȑ": 6,
    "Ȓ": 6,
    "ȓ": 6,
    "Ȕ": 6,
    "ȕ": 6,
    "Ȗ": 6,
    "ȗ": 6,
    "Ș": 6,
    "ș": 6,
    "Ț": 6,
    "ț": 4,
    "Ȟ": 6,
    "ȟ": 6,
    "Ȣ": 6,
    "ȣ": 6,
    "Ȧ": 6,
    "ȧ": 6,
    "Ȩ": 6,
    "ȩ": 6,
    "Ȫ": 6,
    "ȫ": 6,
    "Ȭ": 6,
    "ȭ": 6,
    "Ȯ": 6,
    "ȯ": 6,
    "Ȱ": 6,
    "ȱ": 6,
    "Ȳ": 6,
    "ȳ": 6,
    "ȷ": 6,
    "ȸ": 10,
    "ȹ": 10,
    "ȿ": 6,
    "ɀ": 6,
    "ɣ": 6,
    "ɩ": 3,
    "ɶ": 10,
    "ɽ": 6,
    "ʂ": 6,
    "ʃ": 6,
    "ʐ": 7,
    "ʣ": 10,
    "ʤ": 10,
    "ʥ": 10,
    "ʦ": 9,
    "ʧ": 8,
    "ʨ": 9,
    "ʩ": 10,
    "ʪ": 8,
    "ʫ": 8,
    "ʭ": 6,
    "ʮ": 7,
    "ʯ": 8,
    "̧": 3,
    "Ά": 8,
    "Έ": 8,
    "Ή": 8,
    "Ί": 6,
    "Ό": 8,
    "Ύ": 8,
    "Ώ": 8,
    "ΐ": 6,
    "Ϊ": 4,
    "Ϋ": 6,
    "ά": 6,
    "έ": 6,
    "ή": 6,
    "ί": 3,
    "ΰ": 6,
    "ϊ": 4,
    "ϋ": 6,
    "ό": 6,
    "ύ": 6,
    "ώ": 8,
    "ϓ": 10,
    "ϔ": 7,
    "Ѐ": 6,
    "Ё": 6,
    "Ѓ": 6,
    "Ї": 4,
    "Ќ": 6,
    "Ѝ": 6,
    "Ў": 6,
    "Џ": 6,
    "Й": 6,
    "й": 6,
    "ѐ": 6,
    "ё": 6,
    "ђ": 7,
    "ѓ": 5,
    "ї": 4,
    "ћ": 7,
    "ќ": 5,
    "ѝ": 6,
    "ў": 6,
    "џ": 6,
    "Ѷ": 7,
    "ѷ": 7,
    "Ҋ": 7,
    "ҋ": 7,
    "Ҍ": 7,
    "ҍ": 7,
    "Ҏ": 6,
    "ҏ": 6,
    "Ґ": 6,
    "ґ": 6,
    "Ҕ": 6,
    "ҕ": 5,
    "Ҙ": 6,
    "ҙ": 6,
    "Ҝ": 6,
    "ҝ": 6,
    "Ҟ": 7,
    "ҟ": 6,
    "Ҡ": 7,
    "ҡ": 6,
    "Ҥ": 7,
    "ҥ": 7,
    "Ҧ": 9,
    "ҧ": 9,
    "Ҩ": 7,
    "ҩ": 7,
    "Ҫ": 6,
    "ҫ": 6,
    "Ҭ": 6,
    "ҭ": 6,
    "Ҳ": 7,
    "ҳ": 7,
    "Ҵ": 8,
    "ҵ": 7,
    "Ҷ": 7,
    "ҷ": 7,
    "Ҹ": 6,
    "ҹ": 6,
    "Ҽ": 8,
    "ҽ": 8,
    "Ҿ": 8,
    "ҿ": 8,
    "Ӂ": 8,
    "ӂ": 6,
    "Ӄ": 6,
    "ӄ": 5,
    "Ӆ": 7,
    "ӆ": 7,
    "Ӈ": 6,
    "ӈ": 6,
    "Ӊ": 7,
    "ӊ": 7,
    "Ӌ": 6,
    "ӌ": 6,
    "Ӎ": 7,
    "ӎ": 7,
    "Ӑ": 6,
    "ӑ": 6,
    "Ӓ": 6,
    "ӓ": 6,
    "Ӕ": 10,
    "ӕ": 10,
    "Ӗ": 6,
    "ӗ": 6,
    "Ӛ": 6,
    "ӛ": 6,
    "Ӝ": 8,
    "ӝ": 6,
    "Ӟ": 6,
    "ӟ": 6,
    "Ӡ": 6,
    "ӡ": 6,
    "Ӣ": 6,
    "ӣ": 6,
    "Ӥ": 6,
    "ӥ": 6,
    "Ӧ": 6,
    "ӧ": 6,
    "Ӫ": 6,
    "ӫ": 6,
    "Ӭ": 6,
    "ӭ": 6,
    "Ӯ": 6,
    "ӯ": 6,
    "Ӱ": 6,
    "ӱ": 6,
    "Ӳ": 6,
    "ӳ": 6,
    "Ӵ": 6,
    "ӵ": 6,
    "Ӷ": 6,
    "ӷ": 5,
    "Ӹ": 8,
    "ӹ": 7,
    "Ӻ": 7,
    "ӻ": 6,
    "Ӽ": 6,
    "ӽ": 6,
    "Ӿ": 6,
    "ӿ": 6,
    "Ԃ": 9,
    "ԃ": 9,
    "Ԅ": 8,
    "ԅ": 8,
    "Ԇ": 7,
    "ԇ": 7,
    "Ԉ": 9,
    "ԉ": 9,
    "Ԋ": 9,
    "ԋ": 9,
    "Ԍ": 6,
    "ԍ": 6,
    "Ԏ": 7,
    "ԏ": 7,
    "Ԑ": 6,
    "ԑ": 6,
    "Ԓ": 6,
    "ԓ": 6,
    "Ԕ": 9,
    "ԕ": 9,
    "Ԗ": 9,
    "ԗ": 9,
    "Ԙ": 10,
    "ԙ": 10,
    "Ԛ": 6,
    "ԛ": 6,
    "Ԝ": 6,
    "ԝ": 6,
    "Ԟ": 6,
    "ԟ": 6,
    "Ԡ": 9,
    "ԡ": 9,
    "Ԣ": 9,
    "ԣ": 9,
    "Ԥ": 7,
    "ԥ": 7,
    "Ԧ": 7,
    "ԧ": 7,
    "Ԩ": 7,
    "ԩ": 7,
    "Ԫ": 10,
    "ԫ": 10,
    "Ԭ": 7,
    "ԭ": 7,
    "Ԯ": 7,
    "ԯ": 7,
    "ᚡ": 5,
    "ᚵ": 5,
    "ᴂ": 10,
    "ᴔ": 10,
    "ᵫ": 10,
    "ᵬ": 8,
    "ᵭ": 8,
    "ᵮ": 6,
    "ᵯ": 8,
    "ᵰ": 8,
    "ᵱ": 8,
    "ᵲ": 8,
    "ᵳ": 8,
    "ᵴ": 8,
    "ᵵ": 6,
    "ᵶ": 6,
    "ᵺ": 9,
    "ᶀ": 6,
    "ᶁ": 7,
    "ᶂ": 5,
    "ᶃ": 7,
    "ᶄ": 6,
    "ᶅ": 3,
    "ᶆ": 7,
    "ᶇ": 7,
    "ᶈ": 6,
    "ᶉ": 6,
    "ᶊ": 6,
    "ᶋ": 6,
    "ᶌ": 6,
    "ᶍ": 7,
    "ᶎ": 7,
    "ᶏ": 7,
    "ᶐ": 7,
    "ᶒ": 7,
    "ᶓ": 7,
    "ᶔ": 6,
    "ᶕ": 7,
    "ᶖ": 3,
    "ᶗ": 7,
    "ᶘ": 6,
    "ᶙ": 7,
    "ᶚ": 6,
    "Ḁ": 6,
    "ḁ": 6,
    "Ḃ": 6,
    "ḃ": 6,
    "Ḅ": 6,
    "ḅ": 6,
    "Ḇ": 6,
    "ḇ": 6,
    "Ḉ": 6,
    "ḉ": 6,
    "Ḋ": 6,
    "ḋ": 6,
    "Ḍ": 6,
    "ḍ": 6,
    "Ḏ": 6,
    "ḏ": 6,
    "Ḑ": 6,
    "ḑ": 6,
    "Ḓ": 6,
    "ḓ": 6,
    "Ḕ": 6,
    "ḕ": 6,
    "Ḗ": 6,
    "ḗ": 6,
    "Ḙ": 6,
    "ḙ": 6,
    "Ḛ": 6,
    "ḛ": 6,
    "Ḝ": 6,
    "ḝ": 6,
    "Ḟ": 6,
    "ḟ": 5,
    "Ḡ": 6,
    "ḡ": 6,
    "Ḣ": 6,
    "ḣ": 6,
    "Ḥ": 6,
    "ḥ": 6,
    "Ḧ": 6,
    "ḧ": 6,
    "Ḩ": 6,
    "ḩ": 6,
    "Ḫ": 6,
    "ḫ": 6,
    "Ḭ": 5,
    "ḭ": 5,
    "Ḯ": 4,
    "ḯ": 4,
    "Ḱ": 6,
    "ḱ": 5,
    "Ḳ": 6,
    "ḳ": 5,
    "Ḵ": 6,
    "ḵ": 5,
    "Ḷ": 6,
    "ḷ": 3,
    "Ḹ": 6,
    "ḹ": 4,
    "Ḻ": 6,
    "ḻ": 4,
    "Ḽ": 6,
    "ḽ": 4,
    "Ḿ": 6,
    "ḿ": 6,
    "Ṁ": 6,
    "ṁ": 6,
    "Ṃ": 6,
    "ṃ": 6,
    "Ṅ": 6,
    "ṅ": 6,
    "Ṇ": 6,
    "ṇ": 6,
    "Ṉ": 6,
    "ṉ": 6,
    "Ṋ": 6,
    "ṋ": 6,
    "Ṍ": 6,
    "ṍ": 6,
    "Ṏ": 6,
    "ṏ": 6,
    "Ṑ": 6,
    "ṑ": 6,
    "Ṓ": 6,
    "ṓ": 6,
    "Ṕ": 6,
    "ṕ": 6,
    "Ṗ": 6,
    "ṗ": 6,
    "Ṙ": 6,
    "ṙ": 6,
    "Ṛ": 6,
    "ṛ": 6,
    "Ṝ": 6,
    "ṝ": 6,
    "Ṟ": 6,
    "ṟ": 6,
    "Ṡ": 6,
    "ṡ": 6,
    "Ṣ": 6,
    "ṣ": 6,
    "Ṥ": 6,
    "ṥ": 6,
    "Ṧ": 6,
    "ṧ": 6,
    "Ṩ": 6,
    "ṩ": 6,
    "Ṫ": 6,
    "ṫ": 4,
    "Ṭ": 6,
    "ṭ": 4,
    "Ṯ": 6,
    "ṯ": 4,
    "Ṱ": 6,
    "ṱ": 4,
    "Ṳ": 6,
    "ṳ": 6,
    "Ṵ": 6,
    "ṵ": 6,
    "Ṷ": 6,
    "ṷ": 6,
    "Ṹ": 6,
    "ṹ": 6,
    "Ṻ": 6,
    "ṻ": 6,
    "Ṽ": 6,
    "ṽ": 6,
    "Ṿ": 6,
    "ṿ": 6,
    "Ẁ": 6,
    "ẁ": 6,
    "Ẃ": 6,
    "ẃ": 6,
    "Ẅ": 6,
    "ẅ": 6,
    "Ẇ": 6,
    "ẇ": 6,
    "Ẉ": 6,
    "ẉ": 6,
    "Ẋ": 6,
    "ẋ": 6,
    "Ẍ": 6,
    "ẍ": 6,
    "Ẏ": 6,
    "ẏ": 6,
    "Ẑ": 6,
    "ẑ": 6,
    "Ẓ": 6,
    "ẓ": 6,
    "Ẕ": 6,
    "ẕ": 6,
    "ẖ": 6,
    "ẗ": 4,
    "ẘ": 6,
    "ẙ": 6,
    "ẚ": 6,
    "ẛ": 4,
    "Ạ": 6,
    "ạ": 6,
    "Ả": 6,
    "ả": 6,
    "Ấ": 6,
    "ấ": 6,
    "Ầ": 6,
    "ầ": 6,
    "Ẩ": 6,
    "ẩ": 6,
    "Ẫ": 6,
    "ẫ": 6,
    "Ậ": 6,
    "ậ": 6,
    "Ắ": 6,
    "ắ": 6,
    "Ằ": 6,
    "ằ": 6,
    "Ẳ": 6,
    "ẳ": 6,
    "Ẵ": 6,
    "ẵ": 6,
    "Ặ": 6,
    "ặ": 6,
    "Ẹ": 6,
    "ẹ": 6,
    "Ẻ": 6,
    "ẻ": 6,
    "Ẽ": 6,
    "ẽ": 6,
    "Ế": 6,
    "ế": 6,
    "Ề": 6,
    "ề": 6,
    "Ể": 6,
    "ể": 6,
    "Ễ": 6,
    "ễ": 6,
    "Ệ": 6,
    "ệ": 6,
    "Ỉ": 4,
    "ỉ": 4,
    "Ị": 4,
    "ị": 2,
    "Ọ": 6,
    "ọ": 6,
    "Ỏ": 6,
    "ỏ": 6,
    "Ố": 6,
    "ố": 6,
    "Ồ": 6,
    "ồ": 6,
    "Ổ": 6,
    "ổ": 6,
    "Ỗ": 6,
    "ỗ": 6,
    "Ộ": 6,
    "ộ": 6,
    "Ớ": 8,
    "ớ": 8,
    "Ờ": 8,
    "ờ": 8,
    "Ở": 8,
    "ở": 8,
    "Ỡ": 8,
    "ỡ": 8,
    "Ợ": 8,
    "ợ": 8,
    "Ụ": 6,
    "ụ": 6,
    "Ủ": 6,
    "ủ": 6,
    "Ứ": 8,
    "ứ": 8,
    "Ừ": 8,
    "ừ": 8,
    "Ử": 8,
    "ử": 8,
    "Ữ": 8,
    "ữ": 8,
    "Ự": 8,
    "ự": 8,
    "Ỳ": 6,
    "ỳ": 6,
    "Ỵ": 6,
    "ỵ": 6,
    "Ỷ": 6,
    "ỷ": 6,
    "Ỹ": 6,
    "ỹ": 6,
    "Ỻ": 8,
    "ỻ": 7,
    "ἀ": 6,
    "ἁ": 6,
    "ἂ": 6,
    "ἃ": 6,
    "ἄ": 6,
    "ἅ": 7,
    "ἆ": 6,
    "ἇ": 6,
    "Ἀ": 9,
    "Ἁ": 9,
    "Ἂ": 10,
    "Ἃ": 10,
    "Ἄ": 10,
    "Ἅ": 10,
    "Ἆ": 9,
    "Ἇ": 9,
    "ἐ": 6,
    "ἑ": 6,
    "ἒ": 6,
    "ἓ": 6,
    "ἔ": 6,
    "ἕ": 6,
    "Ἐ": 9,
    "Ἑ": 9,
    "Ἒ": 10,
    "Ἓ": 10,
    "Ἔ": 10,
    "Ἕ": 10,
    "ἠ": 6,
    "ἡ": 6,
    "ἢ": 6,
    "ἣ": 6,
    "ἤ": 6,
    "ἥ": 6,
    "ἦ": 6,
    "ἧ": 6,
    "Ἠ": 9,
    "Ἡ": 9,
    "Ἢ": 10,
    "Ἣ": 10,
    "Ἤ": 10,
    "Ἥ": 10,
    "Ἦ": 9,
    "Ἧ": 9,
    "ἰ": 4,
    "ἱ": 3,
    "ἲ": 6,
    "ἳ": 6,
    "ἴ": 6,
    "ἵ": 6,
    "ἶ": 5,
    "ἷ": 5,
    "Ἰ": 7,
    "Ἱ": 10,
    "Ἲ": 9,
    "Ἳ": 8,
    "Ἴ": 9,
    "Ἵ": 8,
    "Ἶ": 7,
    "Ἷ": 7,
    "ὀ": 6,
    "ὁ": 6,
    "ὂ": 6,
    "ὃ": 6,
    "ὄ": 6,
    "ὅ": 6,
    "Ὀ": 9,
    "Ὁ": 9,
    "Ὂ": 10,
    "Ὃ": 10,
    "Ὄ": 10,
    "Ὅ": 10,
    "ὐ": 6,
    "ὑ": 6,
    "ὒ": 6,
    "ὓ": 6,
    "ὔ": 6,
    "ὕ": 6,
    "ὖ": 6,
    "ὗ": 6,
    "Ὑ": 9,
    "Ὓ": 10,
    "Ὕ": 10,
    "Ὗ": 9,
    "ὠ": 8,
    "ὡ": 8,
    "ὢ": 8,
    "ὣ": 8,
    "ὤ": 8,
    "ὥ": 8,
    "ὦ": 8,
    "ὧ": 8,
    "Ὠ": 9,
    "Ὡ": 9,
    "Ὢ": 10,
    "Ὣ": 10,
    "Ὤ": 10,
    "Ὥ": 10,
    "Ὦ": 9,
    "Ὧ": 10,
    "ὰ": 6,
    "ά": 6,
    "ὲ": 6,
    "έ": 6,
    "ὴ": 6,
    "ή": 6,
    "ὶ": 4,
    "ί": 3,
    "ὸ": 6,
    "ό": 6,
    "ὺ": 6,
    "ύ": 6,
    "ὼ": 8,
    "ώ": 8,
    "ᾀ": 6,
    "ᾁ": 6,
    "ᾂ": 6,
    "ᾃ": 6,
    "ᾄ": 6,
    "ᾅ": 6,
    "ᾆ": 6,
    "ᾇ": 6,
    "ᾈ": 9,
    "ᾉ": 9,
    "ᾊ": 10,
    "ᾋ": 10,
    "ᾌ": 10,
    "ᾍ": 10,
    "ᾎ": 9,
    "ᾏ": 9,
    "ᾐ": 6,
    "ᾑ": 6,
    "ᾒ": 6,
    "ᾓ": 6,
    "ᾔ": 6,
    "ᾕ": 6,
    "ᾖ": 6,
    "ᾗ": 6,
    "ᾘ": 9,
    "ᾙ": 9,
    "ᾚ": 10,
    "ᾛ": 10,
    "ᾜ": 10,
    "ᾝ": 10,
    "ᾞ": 9,
    "ᾟ": 9,
    "ᾠ": 8,
    "ᾡ": 8,
    "ᾢ": 8,
    "ᾣ": 8,
    "ᾤ": 8,
    "ᾥ": 8,
    "ᾦ": 8,
    "ᾧ": 8,
    "ᾨ": 9,
    "ᾩ": 9,
    "ᾪ": 10,
    "ᾫ": 10,
    "ᾬ": 10,
    "ᾭ": 10,
    "ᾮ": 9,
    "ᾯ": 10,
    "ᾰ": 6,
    "ᾱ": 6,
    "ᾲ": 6,
    "ᾳ": 6,
    "ᾴ": 6,
    "ᾶ": 6,
    "ᾷ": 6,
    "Ᾰ": 6,
    "Ᾱ": 6,
    "Ὰ": 9,
    "Ά": 9,
    "ᾼ": 6,
    "ῂ": 6,
    "ῃ": 6,
    "ῄ": 6,
    "ῆ": 6,
    "ῇ": 6,
    "Ὲ": 9,
    "Έ": 9,
    "Ὴ": 9,
    "Ή": 9,
    "ῌ": 6,
    "ῐ": 5,
    "ῑ": 4,
    "ῒ": 4,
    "ΐ": 4,
    "ῖ": 5,
    "ῗ": 5,
    "Ῐ": 5,
    "Ῑ": 4,
    "Ὶ": 7,
    "Ί": 7,
    "ῠ": 6,
    "ῡ": 6,
    "ῢ": 6,
    "ΰ": 6,
    "ῤ": 6,
    "ῥ": 6,
    "ῦ": 6,
    "ῧ": 6,
    "Ῠ": 6,
    "Ῡ": 6,
    "Ὺ": 9,
    "Ύ": 9,
    "Ῥ": 9,
    "ῲ": 8,
    "ῳ": 8,
    "ῴ": 8,
    "ῶ": 8,
    "ῷ": 8,
    "Ὸ": 9,
    "Ό": 9,
    "Ὼ": 9,
    "Ώ": 9,
    "ῼ": 6,
    "⁇": 10,
    "₧": 10,
    "₨": 10,
    "₯": 10,
    "№": 10,
    "ℹ": 10,
    "⅒": 10,
    "⅘": 10,
    "①": 10,
    "②": 10,
    "③": 10,
    "④": 10,
    "⑤": 10,
    "⑥": 10,
    "⑦": 10,
    "⑧": 10,
    "⑨": 10,
    "⑩": 10,
    "⑪": 10,
    "⑫": 10,
    "⑬": 10,
    "⑭": 10,
    "⑮": 10,
    "⑯": 10,
    "⑰": 10,
    "⑱": 10,
    "⑲": 10,
    "⑳": 10,
    "Ⓐ": 10,
    "Ⓑ": 10,
    "Ⓒ": 10,
    "Ⓓ": 10,
    "Ⓔ": 10,
    "Ⓕ": 10,
    "Ⓖ": 10,
    "Ⓗ": 10,
    "Ⓘ": 10,
    "Ⓙ": 10,
    "Ⓚ": 10,
    "Ⓛ": 10,
    "Ⓜ": 10,
    "Ⓝ": 10,
    "Ⓞ": 10,
    "Ⓟ": 10,
    "Ⓠ": 10,
    "Ⓡ": 10,
    "Ⓢ": 10,
    "Ⓣ": 10,
    "Ⓤ": 10,
    "Ⓥ": 10,
    "Ⓦ": 10,
    "Ⓧ": 10,
    "Ⓨ": 10,
    "Ⓩ": 10,
    "ⓐ": 10,
    "ⓑ": 10,
    "ⓒ": 10,
    "ⓓ": 10,
    "ⓔ": 10,
    "ⓕ": 10,
    "ⓖ": 10,
    "ⓗ": 10,
    "ⓘ": 10,
    "ⓙ": 10,
    "ⓚ": 10,
    "ⓛ": 10,
    "ⓜ": 10,
    "ⓝ": 10,
    "ⓞ": 10,
    "ⓟ": 10,
    "ⓠ": 10,
    "ⓡ": 10,
    "ⓢ": 10,
    "ⓣ": 10,
    "ⓤ": 10,
    "ⓥ": 10,
    "ⓦ": 10,
    "ⓧ": 10,
    "ⓨ": 10,
    "ⓩ": 10,
    "⓪": 10,
    "☐": 10,
    "☑": 10,
    "☒": 10,
    "☜": 10,
    "☞": 10,
    "☮": 10,
    "☯": 10,
    "⚠": 10,
    "Ɫ": 8,
    "Ȿ": 6,
    "Ɀ": 6,
    "Ꚁ": 7,
    "ꚁ": 7,
    "Ꚃ": 6,
    "ꚃ": 6,
    "Ꚅ": 10,
    "ꚅ": 9,
    "Ꚇ": 6,
    "ꚇ": 6,
    "Ꚉ": 7,
    "ꚉ": 7,
    "Ꚋ": 7,
    "ꚋ": 7,
    "Ꚍ": 6,
    "ꚍ": 6,
    "Ꚏ": 7,
    "ꚏ": 6,
    "Ꚑ": 6,
    "ꚑ": 6,
    "Ꚓ": 7,
    "ꚓ": 7,
    "Ꚕ": 6,
    "ꚕ": 6,
    "Ꚗ": 9,
    "ꚗ": 7,
    "Ꜳ": 10,
    "ꜳ": 10,
    "Ꜵ": 10,
    "ꜵ": 10,
    "Ꜷ": 10,
    "ꜷ": 10,
    "Ꜹ": 10,
    "Ꜻ": 10,
    "Ꜽ": 10,
    "ꜽ": 9,
    "Ꜿ": 6,
    "ꜿ": 6,
    "Ꝏ": 10,
    "ꝏ": 10,
    "Ꝡ": 6,
    "ꝡ": 6,
    "ꞔ": 6,
    "ꞕ": 7,
    "Ꞔ": 6,
    "Ᶎ": 7,
    "ꭐ": 6,
    "ꭑ": 6,
    "ꭣ": 10,
    "ﬄ": 10,
    "ﬆ": 10,
    "ﬓ": 10,
    "ﬔ": 10,
    "ﬕ": 10,
    "ﬖ": 10,
    "ﬗ": 10,
    "אַ": 6,
    "אָ": 6
  },
  {
    "¡": 2,
    "¢": 6,
    "¤": 8,
    "¥": 6,
    "¦": 2,
    "§": 6,
    "¨": 4,
    "©": 8,
    "­": 4,
    "®": 8,
    "¯": 6,
    "³": 5,
    "´": 3,
    "µ": 6,
    "¶": 7,
    "·": 2,
    "¹": 4,
    "¼": 8,
    "½": 8,
    "¾": 8,
    "¿": 6,
    "×": 6,
    "Ø": 6,
    "Þ": 6,
    "ß": 6,
    "ð": 6,
    "ø": 6,
    "þ": 6,
    "Ĳ": 6,
    "ĳ": 5,
    "ĸ": 5,
    "ſ": 4,
    "Ɓ": 8,
    "Ƅ": 7,
    "ƅ": 7,
    "Ɔ": 6,
    "Ɖ": 7,
    "Ǝ": 6,
    "Ə": 6,
    "Ɛ": 6,
    "Ƒ": 7,
    "ƚ": 4,
    "ƛ": 6,
    "ƞ": 6,
    "Ɵ": 6,
    "Ƨ": 6,
    "ƨ": 6,
    "Ʃ": 6,
    "ƪ": 6,
    "Ʋ": 6,
    "Ʒ": 6,
    "Ƹ": 6,
    "ƹ": 6,
    "ƻ": 6,
    "Ƽ": 6,
    "ƽ": 6,
    "ƾ": 6,
    "ƿ": 6,
    "ǀ": 2,
    "ǁ": 4,
    "ǂ": 6,
    "ǃ": 2,
    "ǉ": 8,
    "ǝ": 6,
    "Ƿ": 6,
    "Ȝ": 6,
    "ȝ": 6,
    "Ƞ": 6,
    "ȡ": 8,
    "Ȥ": 6,
    "ȥ": 6,
    "ȴ": 4,
    "ȵ": 8,
    "ȶ": 5,
    "Ⱥ": 6,
    "Ȼ": 6,
    "ȼ": 6,
    "Ƚ": 7,
    "Ⱦ": 6,
    "Ɂ": 6,
    "ɂ": 6,
    "Ƀ": 7,
    "Ʉ": 8,
    "Ʌ": 6,
    "Ɇ": 6,
    "ɇ": 7,
    "Ɉ": 7,
    "ɉ": 7,
    "Ɋ": 7,
    "ɋ": 7,
    "Ɍ": 7,
    "ɍ": 7,
    "Ɏ": 8,
    "ɏ": 8,
    "ɐ": 6,
    "ɑ": 6,
    "ɒ": 6,
    "ɓ": 6,
    "ɔ": 6,
    "ɕ": 6,
    "ɖ": 7,
    "ɗ": 7,
    "ɘ": 6,
    "ə": 6,
    "ɚ": 8,
    "ɛ": 6,
    "ɜ": 6,
    "ɝ": 8,
    "ɞ": 6,
    "ɟ": 5,
    "ɠ": 7,
    "ɡ": 6,
    "ɢ": 6,
    "ɤ": 6,
    "ɥ": 6,
    "ɦ": 6,
    "ɧ": 6,
    "ɨ": 4,
    "ɪ": 4,
    "ɫ": 6,
    "ɬ": 5,
    "ɭ": 3,
    "ɮ": 6,
    "ɯ": 6,
    "ɰ": 6,
    "ɱ": 6,
    "ɲ": 7,
    "ɳ": 7,
    "ɴ": 6,
    "ɵ": 6,
    "ɷ": 8,
    "ɸ": 6,
    "ɹ": 6,
    "ɺ": 6,
    "ɻ": 7,
    "ɼ": 6,
    "ɾ": 6,
    "ɿ": 6,
    "ʀ": 6,
    "ʁ": 6,
    "ʄ": 7,
    "ʅ": 6,
    "ʆ": 7,
    "ʇ": 4,
    "ʈ": 4,
    "ʉ": 8,
    "ʊ": 6,
    "ʋ": 6,
    "ʌ": 6,
    "ʍ": 6,
    "ʎ": 6,
    "ʏ": 6,
    "ʑ": 6,
    "ʒ": 6,
    "ʓ": 6,
    "ʔ": 6,
    "ʕ": 6,
    "ʖ": 6,
    "ʗ": 6,
    "ʘ": 6,
    "ʙ": 6,
    "ʚ": 6,
    "ʛ": 7,
    "ʜ": 6,
    "ʝ": 6,
    "ʞ": 5,
    "ʟ": 6,
    "ʠ": 7,
    "ʡ": 6,
    "ʢ": 6,
    "ʬ": 6,
    "ʻ": 2,
    "ˌ": 2,
    "˙": 2,
    "̰": 6,
    "̱": 6,
    "̲": 6,
    "̳": 6,
    "̴": 6,
    "̵": 6,
    "̶": 6,
    "̷": 6,
    "̸": 6,
    "̹": 2,
    "̺": 6,
    "̻": 6,
    "̼": 6,
    "̽": 6,
    "̾": 6,
    "̿": 6,
    "̀": 6,
    "́": 6,
    "͂": 6,
    "̓": 6,
    "̈́": 6,
    "ͅ": 6,
    "͆": 6,
    "͇": 6,
    "͈": 6,
    "͉": 6,
    "͊": 6,
    ";": 2,
    "·": 2,
    "Α": 6,
    "Β": 6,
    "Γ": 6,
    "Δ": 6,
    "Ε": 6,
    "Ζ": 6,
    "Η": 6,
    "Θ": 6,
    "Ι": 4,
    "Κ": 6,
    "Λ": 6,
    "Μ": 6,
    "Ν": 6,
    "Ξ": 6,
    "Ο": 6,
    "Π": 6,
    "Ρ": 6,
    "Σ": 6,
    "Τ": 6,
    "Υ": 6,
    "Φ": 6,
    "Χ": 6,
    "Ψ": 6,
    "Ω": 6,
    "α": 6,
    "β": 6,
    "γ": 6,
    "δ": 6,
    "ε": 6,
    "ζ": 6,
    "η": 6,
    "θ": 6,
    "ι": 3,
    "κ": 5,
    "λ": 6,
    "μ": 6,
    "ν": 6,
    "ξ": 6,
    "ο": 6,
    "π": 6,
    "ρ": 6,
    "ς": 6,
    "σ": 7,
    "τ": 6,
    "υ": 6,
    "φ": 6,
    "χ": 6,
    "ψ": 6,
    "ω": 8,
    "ϛ": 6,
    "Ђ": 8,
    "Є": 6,
    "Ѕ": 6,
    "І": 4,
    "Ј": 6,
    "Љ": 8,
    "Њ": 7,
    "Ћ": 7,
    "А": 6,
    "Б": 6,
    "В": 6,
    "Г": 6,
    "Д": 7,
    "Е": 6,
    "Ж": 8,
    "З": 6,
    "И": 6,
    "К": 6,
    "Л": 6,
    "М": 6,
    "Н": 6,
    "О": 6,
    "П": 6,
    "Р": 6,
    "С": 6,
    "Т": 6,
    "У": 6,
    "Ф": 8,
    "Х": 6,
    "Ц": 7,
    "Ч": 6,
    "Ш": 8,
    "Щ": 9,
    "Ъ": 7,
    "Ы": 8,
    "Ь": 6,
    "Э": 6,
    "Ю": 8,
    "Я": 6,
    "а": 6,
    "б": 6,
    "в": 6,
    "г": 5,
    "д": 7,
    "е": 6,
    "ж": 6,
    "з": 6,
    "и": 6,
    "к": 5,
    "л": 6,
    "м": 6,
    "н": 6,
    "о": 6,
    "п": 6,
    "р": 6,
    "с": 6,
    "т": 6,
    "у": 6,
    "ф": 6,
    "х": 6,
    "ц": 6,
    "ч": 6,
    "ш": 6,
    "щ": 7,
    "ъ": 7,
    "ы": 7,
    "ь": 6,
    "э": 6,
    "ю": 8,
    "я": 6,
    "є": 6,
    "ѕ": 6,
    "і": 2,
    "ј": 6,
    "љ": 8,
    "њ": 7,
    "Ѣ": 7,
    "ѣ": 7,
    "Ѳ": 6,
    "ѳ": 6,
    "Ѵ": 7,
    "ѵ": 7,
    "Ғ": 7,
    "ғ": 6,
    "Җ": 9,
    "җ": 7,
    "Қ": 7,
    "қ": 6,
    "Ң": 7,
    "ң": 7,
    "Ү": 6,
    "ү": 6,
    "Ұ": 6,
    "ұ": 6,
    "Һ": 6,
    "һ": 6,
    "Ӏ": 4,
    "Ә": 6,
    "ә": 6,
    "Ө": 6,
    "ө": 6,
    "Ԁ": 6,
    "Ա": 6,
    "Բ": 6,
    "Գ": 7,
    "Դ": 7,
    "Ե": 6,
    "Զ": 6,
    "Է": 6,
    "Ը": 6,
    "Թ": 7,
    "Ժ": 7,
    "Ի": 6,
    "Լ": 5,
    "Խ": 7,
    "Ծ": 6,
    "Կ": 6,
    "Հ": 6,
    "Ձ": 6,
    "Ղ": 7,
    "Ճ": 6,
    "Մ": 7,
    "Յ": 6,
    "Ն": 6,
    "Շ": 6,
    "Ո": 6,
    "Չ": 6,
    "Պ": 6,
    "Ջ": 6,
    "Ռ": 7,
    "Ս": 6,
    "Վ": 6,
    "Տ": 6,
    "Ր": 6,
    "Ց": 6,
    "Ւ": 5,
    "Փ": 6,
    "Ք": 6,
    "Օ": 6,
    "Ֆ": 6,
    "ՙ": 3,
    "՚": 3,
    "՛": 3,
    "՜": 4,
    "՝": 3,
    "՞": 4,
    "՟": 6,
    "ՠ": 6,
    "ա": 6,
    "բ": 6,
    "գ": 7,
    "դ": 7,
    "ե": 6,
    "զ": 7,
    "է": 5,
    "ը": 6,
    "թ": 6,
    "ժ": 7,
    "ի": 6,
    "լ": 3,
    "խ": 7,
    "ծ": 6,
    "կ": 6,
    "հ": 6,
    "ձ": 6,
    "ղ": 7,
    "ճ": 6,
    "մ": 7,
    "յ": 6,
    "ն": 7,
    "շ": 6,
    "ո": 6,
    "չ": 6,
    "պ": 6,
    "ջ": 6,
    "ռ": 6,
    "ս": 6,
    "վ": 7,
    "տ": 8,
    "ր": 6,
    "ց": 6,
    "ւ": 5,
    "փ": 8,
    "ք": 7,
    "օ": 6,
    "ֆ": 6,
    "և": 7,
    "ֈ": 7,
    "֊": 6,
    "֏": 6,
    "־": 6,
    "׃": 2,
    "׆": 4,
    "א": 6,
    "ב": 6,
    "ג": 5,
    "ד": 6,
    "ה": 6,
    "ו": 2,
    "ז": 4,
    "ח": 6,
    "ט": 6,
    "י": 2,
    "ך": 6,
    "כ": 6,
    "ל": 6,
    "ם": 6,
    "מ": 6,
    "ן": 2,
    "נ": 4,
    "ס": 6,
    "ע": 6,
    "ף": 6,
    "פ": 6,
    "ץ": 6,
    "צ": 6,
    "ק": 6,
    "ר": 6,
    "ש": 6,
    "ת": 6,
    "װ": 4,
    "ױ": 4,
    "ײ": 4,
    "׳": 3,
    "״": 5,
    "߈": 6,
    "Ⴀ": 6,
    "Ⴁ": 8,
    "Ⴂ": 8,
    "Ⴃ": 6,
    "Ⴄ": 6,
    "Ⴅ": 8,
    "Ⴆ": 8,
    "Ⴇ": 8,
    "Ⴈ": 6,
    "Ⴉ": 6,
    "Ⴊ": 8,
    "Ⴋ": 7,
    "Ⴌ": 6,
    "Ⴍ": 8,
    "Ⴎ": 8,
    "Ⴏ": 7,
    "Ⴐ": 8,
    "Ⴑ": 6,
    "Ⴒ": 6,
    "Ⴓ": 8,
    "Ⴔ": 6,
    "Ⴕ": 6,
    "Ⴖ": 6,
    "Ⴗ": 6,
    "Ⴘ": 6,
    "Ⴙ": 6,
    "Ⴚ": 6,
    "Ⴛ": 8,
    "Ⴜ": 6,
    "Ⴝ": 6,
    "Ⴞ": 6,
    "Ⴟ": 6,
    "Ⴠ": 8,
    "Ⴡ": 6,
    "Ⴢ": 6,
    "Ⴣ": 6,
    "Ⴤ": 6,
    "Ⴥ": 8,
    "Ⴧ": 6,
    "Ⴭ": 6,
    "ა": 6,
    "ბ": 6,
    "გ": 6,
    "დ": 6,
    "ე": 6,
    "ვ": 6,
    "ზ": 6,
    "თ": 6,
    "ი": 6,
    "კ": 6,
    "ლ": 8,
    "მ": 6,
    "ნ": 6,
    "ო": 6,
    "პ": 6,
    "ჟ": 6,
    "რ": 6,
    "ს": 6,
    "ტ": 6,
    "უ": 6,
    "ფ": 6,
    "ქ": 6,
    "ღ": 6,
    "ყ": 6,
    "შ": 6,
    "ჩ": 6,
    "ც": 6,
    "ძ": 6,
    "წ": 6,
    "ჭ": 6,
    "ხ": 6,
    "ჯ": 5,
    "ჰ": 6,
    "ჱ": 7,
    "ჲ": 6,
    "ჳ": 6,
    "ჴ": 6,
    "ჵ": 6,
    "ჶ": 6,
    "ჷ": 6,
    "ჸ": 6,
    "ჹ": 6,
    "ჺ": 6,
    "჻": 4,
    "ჼ": 4,
    "ჽ": 6,
    "ჾ": 6,
    "ჿ": 6,
    "ᗡ": 6,
    "ᗺ": 6,
    "ᘔ": 6,
    "ᚠ": 5,
    "ᚢ": 6,
    "ᚣ": 6,
    "ᚤ": 6,
    "ᚥ": 6,
    "ᚦ": 5,
    "ᚧ": 5,
    "ᚨ": 4,
    "ᚩ": 5,
    "ᚪ": 5,
    "ᚫ": 5,
    "ᚬ": 6,
    "ᚭ": 4,
    "ᚮ": 4,
    "ᚯ": 6,
    "ᚰ": 6,
    "ᚱ": 5,
    "ᚲ": 4,
    "ᚳ": 5,
    "ᚴ": 5,
    "ᚶ": 6,
    "ᚷ": 6,
    "ᚸ": 6,
    "ᚹ": 5,
    "ᚺ": 6,
    "ᚻ": 6,
    "ᚼ": 6,
    "ᚽ": 4,
    "ᚾ": 6,
    "ᚿ": 4,
    "ᛀ": 6,
    "ᛁ": 2,
    "ᛂ": 4,
    "ᛃ": 7,
    "ᛄ": 6,
    "ᛅ": 6,
    "ᛆ": 4,
    "ᛇ": 6,
    "ᛈ": 5,
    "ᛉ": 6,
    "ᛊ": 4,
    "ᛋ": 6,
    "ᛌ": 2,
    "ᛍ": 4,
    "ᛎ": 6,
    "ᛏ": 6,
    "ᛐ": 4,
    "ᛑ": 5,
    "ᛒ": 5,
    "ᛓ": 4,
    "ᛔ": 5,
    "ᛕ": 5,
    "ᛖ": 6,
    "ᛗ": 6,
    "ᛘ": 6,
    "ᛙ": 4,
    "ᛚ": 4,
    "ᛛ": 5,
    "ᛜ": 6,
    "ᛝ": 6,
    "ᛞ": 6,
    "ᛟ": 7,
    "ᛠ": 8,
    "ᛡ": 6,
    "ᛢ": 8,
    "ᛣ": 6,
    "ᛤ": 6,
    "ᛥ": 6,
    "ᛦ": 6,
    "ᛧ": 2,
    "ᛨ": 6,
    "ᛩ": 5,
    "ᛪ": 8,
    "᛫": 3,
    "᛬": 2,
    "᛭": 6,
    "ᛮ": 6,
    "ᛯ": 6,
    "ᛰ": 6,
    "ᛱ": 6,
    "ᛲ": 6,
    "ᛳ": 8,
    "ᛴ": 5,
    "ᛵ": 3,
    "ᛶ": 6,
    "ᛷ": 6,
    "ᛸ": 6,
    "ᴀ": 6,
    "ᴄ": 6,
    "ᴅ": 6,
    "ᴇ": 6,
    "ᴉ": 2,
    "ᴊ": 6,
    "ᴋ": 6,
    "ᴍ": 6,
    "ᴏ": 6,
    "ᴘ": 6,
    "ᴚ": 6,
    "ᴛ": 6,
    "ᴜ": 6,
    "ᴠ": 6,
    "ᴡ": 6,
    "ᴢ": 6,
    "ᵷ": 6,
    "ᶑ": 7,
    "ẜ": 5,
    "ẝ": 5,
    "ẞ": 6,
    "ẟ": 6,
    "Ỽ": 6,
    "ỽ": 5,
    "Ỿ": 6,
    "ỿ": 7,
    "‐": 4,
    "‑": 4,
    "–": 7,
    "—": 9,
    "‘": 3,
    "’": 3,
    "‚": 3,
    "“": 5,
    "”": 5,
    "„": 5,
    "†": 6,
    "‡": 6,
    "•": 3,
    "…": 8,
    "‰": 8,
    "‱": 9,
    "′": 3,
    "″": 5,
    "‴": 7,
    "‵": 3,
    "‶": 5,
    "‷": 7,
    "‹": 4,
    "›": 4,
    "※": 8,
    "‼": 4,
    "‽": 6,
    "⁂": 8,
    "⁈": 8,
    "⁉": 8,
    "⁊": 5,
    "⁋": 7,
    "⁎": 4,
    "⁏": 2,
    "⁑": 4,
    "⁒": 4,
    "⁗": 9,
    "⁰": 5,
    "ⁱ": 2,
    "⁴": 5,
    "⁵": 5,
    "⁶": 5,
    "⁷": 5,
    "⁸": 5,
    "⁹": 5,
    "⁺": 4,
    "⁻": 4,
    "⁼": 4,
    "⁽": 3,
    "⁾": 3,
    "₀": 5,
    "₁": 4,
    "₂": 5,
    "₃": 5,
    "₄": 5,
    "₅": 5,
    "₆": 5,
    "₇": 5,
    "₈": 5,
    "₉": 5,
    "₊": 4,
    "₋": 4,
    "₌": 4,
    "₍": 3,
    "₎": 3,
    "₠": 6,
    "₡": 6,
    "₢": 6,
    "₣": 7,
    "₤": 6,
    "₥": 6,
    "₦": 8,
    "₩": 8,
    "₪": 8,
    "₫": 7,
    "€": 7,
    "₭": 7,
    "₮": 6,
    "₰": 6,
    "₱": 8,
    "₲": 6,
    "₳": 8,
    "₴": 8,
    "₵": 6,
    "₶": 6,
    "₷": 8,
    "₸": 6,
    "₹": 6,
    "₺": 7,
    "₻": 8,
    "₼": 6,
    "₽": 7,
    "₾": 7,
    "₿": 6,
    "℗": 8,
    "™": 9,
    "Ⅎ": 6,
    "⅁": 6,
    "⅄": 6,
    "⅋": 6,
    "⅐": 9,
    "⅑": 9,
    "⅓": 9,
    "⅔": 9,
    "⅕": 9,
    "⅖": 9,
    "⅗": 9,
    "⅙": 8,
    "⅚": 8,
    "⅛": 9,
    "⅜": 9,
    "⅝": 9,
    "⅞": 9,
    "⅟": 7,
    "↉": 9,
    "←": 8,
    "↑": 6,
    "→": 8,
    "↓": 6,
    "↔": 9,
    "⇄": 8,
    "⇏": 9,
    "⇒": 9,
    "⇔": 9,
    "⇵": 7,
    "∀": 8,
    "∁": 5,
    "∂": 6,
    "∃": 6,
    "∄": 6,
    "∉": 6,
    "∋": 6,
    "∌": 6,
    "∑": 6,
    "−": 6,
    "∓": 6,
    "∛": 8,
    "∜": 8,
    "∝": 7,
    "∞": 8,
    "∥": 4,
    "∧": 6,
    "∨": 6,
    "∩": 6,
    "∫": 6,
    "∮": 6,
    "∴": 6,
    "∵": 6,
    "≔": 8,
    "≠": 6,
    "≢": 7,
    "⊂": 6,
    "⊃": 6,
    "⊄": 6,
    "⊅": 6,
    "⊆": 6,
    "⊇": 6,
    "⊢": 6,
    "⊤": 6,
    "⊥": 6,
    "⊨": 6,
    "⊻": 6,
    "⊼": 6,
    "⊽": 6,
    "⋃": 6,
    "⋆": 4,
    "⌀": 8,
    "⌂": 8,
    "⌘": 8,
    "⌚": 8,
    "⌛": 8,
    "⏏": 6,
    "⏩": 7,
    "⏪": 7,
    "⏭": 8,
    "⏮": 8,
    "⏯": 7,
    "⏳": 8,
    "⏴": 4,
    "⏵": 4,
    "⏶": 6,
    "⏷": 6,
    "⏸": 4,
    "⏹": 6,
    "⏺": 6,
    "⏻": 8,
    "⏼": 8,
    "⏽": 2,
    "□": 6,
    "▲": 6,
    "△": 6,
    "▶": 7,
    "▷": 7,
    "▼": 6,
    "▽": 6,
    "◀": 7,
    "◁": 7,
    "◆": 6,
    "◇": 6,
    "○": 6,
    "◎": 8,
    "●": 5,
    "◘": 4,
    "◦": 4,
    "☀": 9,
    "☁": 9,
    "☂": 8,
    "☃": 8,
    "☄": 8,
    "★": 8,
    "☆": 8,
    "☈": 8,
    "☔": 8,
    "☠": 8,
    "☰": 6,
    "☱": 6,
    "☲": 6,
    "☳": 6,
    "☴": 6,
    "☵": 6,
    "☶": 6,
    "☷": 6,
    "☹": 6,
    "☺": 6,
    "☻": 8,
    "☽": 9,
    "♀": 4,
    "♂": 6,
    "♠": 6,
    "♡": 6,
    "♢": 6,
    "♣": 6,
    "♤": 6,
    "♥": 6,
    "♦": 6,
    "♧": 6,
    "♩": 4,
    "♪": 6,
    "♫": 8,
    "♬": 8,
    "♭": 4,
    "♮": 4,
    "♯": 6,
    "⚀": 8,
    "⚁": 8,
    "⚂": 8,
    "⚃": 8,
    "⚄": 8,
    "⚅": 8,
    "⚐": 8,
    "⚑": 8,
    "⚓": 8,
    "⚔": 8,
    "⚗": 8,
    "⚡": 6,
    "⚥": 6,
    "⛄": 7,
    "⛈": 9,
    "⛏": 9,
    "⛨": 8,
    "✂": 8,
    "✉": 8,
    "✎": 8,
    "✔": 7,
    "✘": 7,
    "❄": 8,
    "❌": 7,
    "❣": 6,
    "❤": 8,
    "⟘": 6,
    "⥝": 6,
    "⧈": 8,
    "⭐": 8,
    "⭘": 8,
    "⯪": 8,
    "⯫": 8,
    "ⱥ": 7,
    "ⱦ": 6,
    "Ɑ": 6,
    "Ɐ": 6,
    "ⱱ": 8,
    "ⴀ": 6,
    "ⴁ": 7,
    "ⴂ": 7,
    "ⴃ": 6,
    "ⴄ": 6,
    "ⴅ": 6,
    "ⴆ": 7,
    "ⴇ": 6,
    "ⴈ": 6,
    "ⴉ": 6,
    "ⴊ": 6,
    "ⴋ": 6,
    "ⴌ": 6,
    "ⴍ": 6,
    "ⴎ": 7,
    "ⴏ": 7,
    "ⴐ": 6,
    "ⴑ": 6,
    "ⴒ": 6,
    "ⴓ": 6,
    "ⴔ": 6,
    "ⴕ": 6,
    "ⴖ": 6,
    "ⴗ": 6,
    "ⴘ": 6,
    "ⴙ": 6,
    "ⴚ": 6,
    "ⴛ": 6,
    "ⴜ": 6,
    "ⴝ": 7,
    "ⴞ": 6,
    "ⴟ": 6,
    "ⴠ": 6,
    "ⴡ": 6,
    "ⴢ": 6,
    "ⴣ": 6,
    "ⴤ": 6,
    "ⴥ": 6,
    "⸘": 6,
    "⸮": 6,
    "⸵": 2,
    "⸸": 6,
    "⹁": 2,
    "⹋": 6,
    "〒": 6,
    "ㄥ": 6,
    "Ꜧ": 6,
    "ꜧ": 6,
    "Ꜩ": 8,
    "ꜩ": 7,
    "ꜰ": 6,
    "ꜱ": 6,
    "ꜹ": 9,
    "ꜻ": 9,
    "Ꝛ": 6,
    "ꝛ": 5,
    "Ꝺ": 6,
    "Ꞁ": 6,
    "ꞁ": 3,
    "Ꞩ": 7,
    "ꞩ": 6,
    "ꞯ": 6,
    "Ʞ": 6,
    "": 9,
    "": 9,
    "": 9,
    "": 9,
    "": 9,
    "": 8,
    "": 7,
    "": 9,
    "": 9,
    "": 8,
    "離": 8,
    "望": 7,
    "画": 8,
    "ﬀ": 8,
    "ﬁ": 6,
    "ﬂ": 7,
    "ﬃ": 9,
    "ﬅ": 6,
    "יִ": 2,
    "ײַ": 4,
    "שׂ": 6,
    "בּ": 6,
    "וּ": 4,
    "כּ": 5,
    "פּ": 6,
    "תּ": 6,
    "וֹ": 3,
    "בֿ": 6,
    "פֿ": 6,
    "＋": 6,
    "�": 8
  }
]
