{
	"parent": "block/block",
	"textures": {
		"furnace_top": "minecraft:block/furnace_top",
		"furnace_side": "minecraft:block/furnace_side",
		"copper_block": "minecraft:block/copper_block",
		"redstone_block": "minecraft:block/redstone_block",
		"particle": "minecraft:block/furnace_top"
	},
	"elements": [
		{
			"name": "main_frame",
			"from": [0, 0, 0],
			"to": [16, 16, 16],
			"faces": {
				"north": {"uv": [0, 0, 16, 16], "texture": "#furnace_side", "cullface": "north"},
				"east": {"uv": [0, 0, 16, 16], "texture": "#furnace_side", "cullface": "east"},
				"south": {"uv": [0, 0, 16, 16], "texture": "#furnace_side", "cullface": "south"},
				"west": {"uv": [0, 0, 16, 16], "texture": "#furnace_side", "cullface": "west"},
				"down": {"uv": [0, 0, 16, 16], "texture": "#furnace_top", "cullface": "down"}
			}
		},
		{
			"name": "copper_part",
			"from": [6, 12, 6],
			"to": [10, 16, 10],
			"faces": {
				"north": {"uv": [6, 6, 10, 10], "texture": "#copper_block"},
				"east": {"uv": [6, 6, 10, 10], "texture": "#copper_block"},
				"south": {"uv": [6, 6, 10, 10], "texture": "#copper_block"},
				"west": {"uv": [6, 6, 10, 10], "texture": "#copper_block"},
				"up": {"uv": [6, 6, 10, 10], "texture": "#copper_block"}
			}
		},
		{
			"name": "redstone_part",
			"from": [4, 11, 4],
			"to": [12, 12, 12],
			"faces": {
				"up": {"uv": [4, 4, 12, 12], "texture": "#redstone_block"}
			}
		},
		{
			"name": "1",
			"from": [0, 15, 0],
			"to": [16, 16, 1],
			"faces": {
				"south": {"uv": [0, 0, 16, 1], "texture": "#furnace_top"},
				"up": {"uv": [0, 0, 16, 1], "texture": "#furnace_top"}
			}
		},
		{
			"name": "2",
			"from": [1, 14, 1],
			"to": [15, 15, 2],
			"faces": {
				"south": {"uv": [1, 1, 15, 2], "texture": "#furnace_top"},
				"up": {"uv": [1, 1, 15, 2], "texture": "#furnace_top"}
			}
		},
		{
			"name": "3",
			"from": [2, 13, 2],
			"to": [14, 14, 3],
			"faces": {
				"south": {"uv": [2, 2, 14, 3], "texture": "#furnace_top"},
				"up": {"uv": [2, 2, 14, 3], "texture": "#furnace_top"}
			}
		},
		{
			"name": "4",
			"from": [3, 12, 3],
			"to": [13, 13, 4],
			"faces": {
				"south": {"uv": [3, 3, 13, 4], "texture": "#furnace_top"},
				"up": {"uv": [3, 3, 13, 4], "texture": "#furnace_top"}
			}
		},
		{
			"name": "1",
			"from": [0, 15, 15],
			"to": [16, 16, 16],
			"faces": {
				"north": {"uv": [0, 0, 16, 1], "texture": "#furnace_side"},
				"up": {"uv": [0, 0, 16, 1], "texture": "#furnace_top"}
			}
		},
		{
			"name": "2",
			"from": [1, 14, 14],
			"to": [15, 15, 15],
			"faces": {
				"north": {"uv": [0, 0, 14, 1], "texture": "#furnace_side"},
				"up": {"uv": [1, 1, 15, 2], "texture": "#furnace_top"}
			}
		},
		{
			"name": "3",
			"from": [2, 13, 13],
			"to": [14, 14, 14],
			"faces": {
				"north": {"uv": [0, 0, 14, 1], "texture": "#furnace_side"},
				"up": {"uv": [2, 2, 14, 3], "texture": "#furnace_top"}
			}
		},
		{
			"name": "4",
			"from": [3, 12, 12],
			"to": [13, 13, 13],
			"faces": {
				"north": {"uv": [0, 0, 14, 1], "texture": "#furnace_side"},
				"up": {"uv": [3, 3, 13, 4], "texture": "#furnace_top"}
			}
		},
		{
			"name": "1",
			"from": [0, 15, 1],
			"to": [1, 16, 15],
			"faces": {
				"east": {"uv": [1, 0, 15, 1], "texture": "#furnace_side"},
				"up": {"uv": [0, 1, 1, 15], "texture": "#furnace_top"}
			}
		},
		{
			"name": "2",
			"from": [1, 14, 2],
			"to": [2, 15, 14],
			"faces": {
				"east": {"uv": [2, 1, 14, 2], "texture": "#furnace_side"},
				"up": {"uv": [1, 2, 2, 14], "texture": "#furnace_top"}
			}
		},
		{
			"name": "3",
			"from": [2, 13, 3],
			"to": [3, 14, 13],
			"faces": {
				"east": {"uv": [3, 2, 14, 3], "texture": "#furnace_side"},
				"up": {"uv": [2, 3, 3, 13], "texture": "#furnace_top"}
			}
		},
		{
			"name": "4",
			"from": [3, 12, 4],
			"to": [4, 13, 12],
			"faces": {
				"east": {"uv": [4, 3, 12, 4], "texture": "#furnace_side"},
				"up": {"uv": [3, 4, 4, 12], "texture": "#furnace_top"}
			}
		},
		{
			"name": "1",
			"from": [15, 15, 1],
			"to": [16, 16, 15],
			"faces": {
				"west": {"uv": [1, 0, 15, 1], "texture": "#furnace_side"},
				"up": {"uv": [15, 1, 16, 15], "texture": "#furnace_top"}
			}
		},
		{
			"name": "2",
			"from": [14, 14, 2],
			"to": [15, 15, 14],
			"faces": {
				"west": {"uv": [2, 1, 14, 2], "texture": "#furnace_side"},
				"up": {"uv": [14, 2, 15, 14], "texture": "#furnace_top"}
			}
		},
		{
			"name": "3",
			"from": [13, 13, 3],
			"to": [14, 14, 13],
			"faces": {
				"west": {"uv": [3, 2, 13, 3], "texture": "#furnace_side"},
				"up": {"uv": [13, 3, 14, 13], "texture": "#furnace_top"}
			}
		},
		{
			"name": "4",
			"from": [12, 12, 4],
			"to": [13, 13, 12],
			"faces": {
				"west": {"uv": [4, 3, 12, 4], "texture": "#furnace_side"},
				"up": {"uv": [12, 4, 13, 12], "texture": "#furnace_top"}
			}
		}
	],
	"groups": [
		0,
		1,
		2,
		{
			"name": "north",
			"origin": [8, 8, 8],
			"color": 0,
			"children": [3, 4, 5, 6]
		},
		{
			"name": "south",
			"origin": [8, 8, 8],
			"color": 0,
			"children": [7, 8, 9, 10]
		},
		{
			"name": "east",
			"origin": [8, 8, 8],
			"color": 0,
			"children": [11, 12, 13, 14]
		},
		{
			"name": "west",
			"origin": [8, 8, 8],
			"color": 0,
			"children": [15, 16, 17, 18]
		}
	]
}