{
	"parent": "block/block",
	"textures": {
		"glass": "minecraft:block/glass",
		"teleporter": "strawberry:block/teleporter",
		"redstone_block": "minecraft:block/redstone_block",
		"particle": "minecraft:block/glass"
	},
	"elements": [
		{
			"name": "3",
			"from": [2, 13, 2],
			"to": [14, 14, 3],
			"faces": {
				"north": {"uv": [2, 2, 14, 3], "texture": "#redstone_block"},
				"east": {"uv": [2, 2, 3, 3], "texture": "#redstone_block"},
				"south": {"uv": [2, 2, 14, 3], "texture": "#redstone_block"},
				"west": {"uv": [13, 2, 14, 3], "texture": "#redstone_block"},
				"up": {"uv": [2, 2, 14, 3], "texture": "#redstone_block"},
				"down": {"uv": [2, 2, 14, 3], "texture": "#redstone_block"}
			}
		},
		{
			"name": "2",
			"from": [1, 14, 1],
			"to": [15, 15, 2],
			"faces": {
				"north": {"uv": [1, 1, 15, 2], "texture": "#redstone_block"},
				"east": {"uv": [1, 1, 2, 2], "texture": "#redstone_block"},
				"south": {"uv": [1, 1, 15, 2], "texture": "#redstone_block"},
				"west": {"uv": [14, 1, 15, 2], "texture": "#redstone_block"},
				"up": {"uv": [1, 1, 15, 2], "texture": "#redstone_block"},
				"down": {"uv": [1, 1, 15, 2], "texture": "#redstone_block"}
			}
		},
		{
			"name": "1",
			"from": [0, 15, 0],
			"to": [16, 16, 1],
			"faces": {
				"north": {"uv": [0, 0, 16, 1], "texture": "#redstone_block"},
				"east": {"uv": [0, 0, 1, 1], "texture": "#redstone_block"},
				"south": {"uv": [0, 0, 16, 1], "texture": "#redstone_block"},
				"west": {"uv": [15, 0, 16, 1], "texture": "#redstone_block"},
				"up": {"uv": [0, 0, 16, 1], "texture": "#redstone_block"},
				"down": {"uv": [0, 0, 16, 1], "texture": "#redstone_block"}
			}
		},
		{
			"name": "3",
			"from": [2, 13, 13],
			"to": [14, 14, 14],
			"faces": {
				"north": {"uv": [2, 2, 14, 3], "texture": "#redstone_block"},
				"east": {"uv": [13, 2, 14, 3], "texture": "#redstone_block"},
				"south": {"uv": [2, 2, 14, 3], "texture": "#redstone_block"},
				"west": {"uv": [2, 2, 3, 3], "texture": "#redstone_block"},
				"up": {"uv": [2, 13, 14, 14], "texture": "#redstone_block"},
				"down": {"uv": [2, 13, 14, 14], "texture": "#redstone_block"}
			}
		},
		{
			"name": "2",
			"from": [1, 14, 14],
			"to": [15, 15, 15],
			"faces": {
				"north": {"uv": [1, 1, 15, 2], "texture": "#redstone_block"},
				"east": {"uv": [14, 1, 15, 2], "texture": "#redstone_block"},
				"south": {"uv": [1, 1, 15, 2], "texture": "#redstone_block"},
				"west": {"uv": [1, 1, 2, 2], "texture": "#redstone_block"},
				"up": {"uv": [1, 1, 15, 2], "texture": "#redstone_block"},
				"down": {"uv": [1, 1, 15, 2], "texture": "#redstone_block"}
			}
		},
		{
			"name": "1",
			"from": [0, 15, 15],
			"to": [16, 16, 16],
			"faces": {
				"north": {"uv": [0, 0, 16, 1], "texture": "#redstone_block"},
				"east": {"uv": [15, 0, 16, 1], "texture": "#redstone_block"},
				"south": {"uv": [0, 0, 16, 1], "texture": "#redstone_block"},
				"west": {"uv": [0, 0, 1, 1], "texture": "#redstone_block"},
				"up": {"uv": [0, 0, 16, 1], "texture": "#redstone_block"},
				"down": {"uv": [0, 0, 16, 1], "texture": "#redstone_block"}
			}
		},
		{
			"name": "1",
			"from": [0, 15, 1],
			"to": [1, 16, 15],
			"faces": {
				"east": {"uv": [0, 0, 16, 1], "texture": "#redstone_block"},
				"west": {"uv": [0, 0, 16, 1], "texture": "#redstone_block"},
				"up": {"uv": [0, 0, 1, 16], "texture": "#redstone_block"},
				"down": {"uv": [0, 0, 1, 16], "texture": "#redstone_block"}
			}
		},
		{
			"name": "2",
			"from": [1, 14, 2],
			"to": [2, 15, 14],
			"faces": {
				"east": {"uv": [1, 1, 15, 2], "texture": "#redstone_block"},
				"west": {"uv": [1, 1, 15, 2], "texture": "#redstone_block"},
				"up": {"uv": [1, 1, 2, 15], "texture": "#redstone_block"},
				"down": {"uv": [1, 1, 2, 15], "texture": "#redstone_block"}
			}
		},
		{
			"name": "3",
			"from": [2, 13, 3],
			"to": [3, 14, 13],
			"faces": {
				"east": {"uv": [2, 2, 14, 3], "texture": "#redstone_block"},
				"west": {"uv": [2, 2, 14, 3], "texture": "#redstone_block"},
				"up": {"uv": [2, 2, 3, 14], "texture": "#redstone_block"},
				"down": {"uv": [2, 2, 3, 14], "texture": "#redstone_block"}
			}
		},
		{
			"name": "1",
			"from": [15, 15, 1],
			"to": [16, 16, 15],
			"faces": {
				"east": {"uv": [1, 0, 15, 1], "texture": "#redstone_block"},
				"west": {"uv": [1, 0, 15, 1], "texture": "#redstone_block"},
				"up": {"uv": [15, 1, 16, 15], "texture": "#redstone_block"},
				"down": {"uv": [15, 1, 16, 15], "texture": "#redstone_block"}
			}
		},
		{
			"name": "2",
			"from": [14, 14, 2],
			"to": [15, 15, 14],
			"faces": {
				"east": {"uv": [2, 1, 14, 2], "texture": "#redstone_block"},
				"west": {"uv": [2, 1, 14, 2], "texture": "#redstone_block"},
				"up": {"uv": [14, 2, 15, 14], "texture": "#redstone_block"},
				"down": {"uv": [14, 2, 15, 14], "texture": "#redstone_block"}
			}
		},
		{
			"name": "3",
			"from": [13, 13, 3],
			"to": [14, 14, 13],
			"faces": {
				"east": {"uv": [3, 2, 13, 3], "texture": "#redstone_block"},
				"west": {"uv": [3, 2, 13, 3], "texture": "#redstone_block"},
				"up": {"uv": [13, 3, 14, 13], "texture": "#redstone_block"},
				"down": {"uv": [13, 3, 14, 13], "texture": "#redstone_block"}
			}
		},
		{
			"name": "1",
			"from": [0, 1, 1],
			"to": [16, 0, 0],
			"faces": {
				"north": {"uv": [0, 15, 16, 16], "texture": "#redstone_block"},
				"east": {"uv": [0, 15, 1, 16], "texture": "#redstone_block"},
				"south": {"uv": [0, 15, 16, 16], "texture": "#redstone_block"},
				"west": {"uv": [15, 15, 16, 16], "texture": "#redstone_block"},
				"up": {"uv": [0, 0, 16, 1], "texture": "#redstone_block"},
				"down": {"uv": [0, 0, 16, 1], "texture": "#redstone_block"}
			}
		},
		{
			"name": "2",
			"from": [1, 2, 2],
			"to": [15, 1, 1],
			"faces": {
				"north": {"uv": [1, 14, 15, 15], "texture": "#redstone_block"},
				"east": {"uv": [1, 14, 2, 15], "texture": "#redstone_block"},
				"south": {"uv": [1, 14, 15, 15], "texture": "#redstone_block"},
				"west": {"uv": [14, 14, 15, 15], "texture": "#redstone_block"},
				"up": {"uv": [1, 1, 15, 2], "texture": "#redstone_block"},
				"down": {"uv": [1, 1, 15, 2], "texture": "#redstone_block"}
			}
		},
		{
			"name": "3",
			"from": [2, 3, 3],
			"to": [14, 2, 2],
			"faces": {
				"north": {"uv": [2, 13, 14, 14], "texture": "#redstone_block"},
				"east": {"uv": [2, 13, 3, 14], "texture": "#redstone_block"},
				"south": {"uv": [2, 13, 14, 14], "texture": "#redstone_block"},
				"west": {"uv": [13, 13, 14, 14], "texture": "#redstone_block"},
				"up": {"uv": [2, 2, 14, 3], "texture": "#redstone_block"},
				"down": {"uv": [2, 2, 14, 3], "texture": "#redstone_block"}
			}
		},
		{
			"name": "1",
			"from": [0, 1, 16],
			"to": [16, 0, 15],
			"faces": {
				"north": {"uv": [0, 15, 16, 16], "texture": "#redstone_block"},
				"east": {"uv": [15, 15, 16, 16], "texture": "#redstone_block"},
				"south": {"uv": [0, 15, 16, 16], "texture": "#redstone_block"},
				"west": {"uv": [15, 15, 16, 16], "texture": "#redstone_block"},
				"up": {"uv": [0, 15, 16, 16], "texture": "#redstone_block"},
				"down": {"uv": [0, 15, 16, 16], "texture": "#redstone_block"}
			}
		},
		{
			"name": "2",
			"from": [1, 2, 15],
			"to": [15, 1, 14],
			"faces": {
				"north": {"uv": [1, 14, 15, 15], "texture": "#redstone_block"},
				"east": {"uv": [14, 14, 15, 15], "texture": "#redstone_block"},
				"south": {"uv": [1, 14, 15, 15], "texture": "#redstone_block"},
				"west": {"uv": [14, 14, 15, 15], "texture": "#redstone_block"},
				"up": {"uv": [1, 14, 15, 15], "texture": "#redstone_block"},
				"down": {"uv": [1, 14, 15, 15], "texture": "#redstone_block"}
			}
		},
		{
			"name": "3",
			"from": [2, 3, 14],
			"to": [14, 2, 13],
			"faces": {
				"north": {"uv": [2, 13, 14, 14], "texture": "#redstone_block"},
				"east": {"uv": [13, 13, 14, 14], "texture": "#redstone_block"},
				"south": {"uv": [2, 13, 14, 14], "texture": "#redstone_block"},
				"west": {"uv": [13, 13, 14, 14], "texture": "#redstone_block"},
				"up": {"uv": [2, 13, 14, 14], "texture": "#redstone_block"},
				"down": {"uv": [2, 13, 14, 14], "texture": "#redstone_block"}
			}
		},
		{
			"name": "1",
			"from": [0, 0, 1],
			"to": [1, 1, 15],
			"faces": {
				"east": {"uv": [0, 15, 16, 16], "texture": "#redstone_block"},
				"west": {"uv": [0, 15, 16, 16], "texture": "#redstone_block"},
				"up": {"uv": [0, 1, 1, 15], "texture": "#redstone_block"},
				"down": {"uv": [0, 1, 1, 15], "texture": "#redstone_block"}
			}
		},
		{
			"name": "2",
			"from": [1, 1, 2],
			"to": [2, 2, 14],
			"faces": {
				"east": {"uv": [1, 14, 15, 15], "texture": "#redstone_block"},
				"west": {"uv": [1, 14, 15, 15], "texture": "#redstone_block"},
				"up": {"uv": [1, 1, 2, 15], "texture": "#redstone_block"},
				"down": {"uv": [1, 1, 2, 15], "texture": "#redstone_block"}
			}
		},
		{
			"name": "3",
			"from": [2, 2, 3],
			"to": [3, 3, 13],
			"faces": {
				"east": {"uv": [2, 13, 14, 14], "texture": "#redstone_block"},
				"west": {"uv": [2, 13, 14, 14], "texture": "#redstone_block"},
				"up": {"uv": [2, 2, 3, 14], "texture": "#redstone_block"},
				"down": {"uv": [2, 2, 3, 14], "texture": "#redstone_block"}
			}
		},
		{
			"name": "1",
			"from": [15, 0, 1],
			"to": [16, 1, 15],
			"faces": {
				"east": {"uv": [0, 15, 16, 16], "texture": "#redstone_block"},
				"west": {"uv": [0, 15, 16, 16], "texture": "#redstone_block"},
				"up": {"uv": [15, 0, 16, 16], "texture": "#redstone_block"},
				"down": {"uv": [15, 0, 16, 16], "texture": "#redstone_block"}
			}
		},
		{
			"name": "2",
			"from": [14, 1, 2],
			"to": [15, 2, 14],
			"faces": {
				"east": {"uv": [1, 14, 15, 15], "texture": "#redstone_block"},
				"west": {"uv": [1, 14, 15, 15], "texture": "#redstone_block"},
				"up": {"uv": [14, 1, 15, 15], "texture": "#redstone_block"},
				"down": {"uv": [14, 1, 15, 15], "texture": "#redstone_block"}
			}
		},
		{
			"name": "3",
			"from": [13, 2, 3],
			"to": [14, 3, 13],
			"faces": {
				"east": {"uv": [2, 13, 14, 14], "texture": "#redstone_block"},
				"west": {"uv": [2, 13, 14, 14], "texture": "#redstone_block"},
				"up": {"uv": [13, 2, 14, 14], "texture": "#redstone_block"},
				"down": {"uv": [13, 2, 14, 14], "texture": "#redstone_block"}
			}
		},
		{
			"name": "Inner beacon texture",
			"from": [3, 3, 3],
			"to": [13, 13, 13],
			"faces": {
				"north": {"uv": [3, 2, 13, 13], "texture": "#teleporter"},
				"east": {"uv": [3, 2, 13, 13], "texture": "#teleporter"},
				"south": {"uv": [3, 2, 13, 13], "texture": "#teleporter"},
				"west": {"uv": [3, 2, 13, 13], "texture": "#teleporter"},
				"up": {"uv": [3, 3, 13, 13], "texture": "#teleporter"},
				"down": {"uv": [3, 3, 13, 13], "texture": "#teleporter"}
			}
		},
		{
			"name": "1",
			"from": [0, 1, 0],
			"to": [1, 15, 1],
			"faces": {
				"north": {"uv": [16, 1, 15, 15], "texture": "#redstone_block"},
				"east": {"uv": [0, 1, 1, 15], "texture": "#redstone_block"},
				"south": {"uv": [0, 1, 1, 15], "texture": "#redstone_block"},
				"west": {"uv": [15, 1, 16, 15], "texture": "#redstone_block"}
			}
		},
		{
			"name": "2",
			"from": [1, 2, 1],
			"to": [2, 14, 2],
			"faces": {
				"north": {"uv": [14, 2, 15, 14], "texture": "#redstone_block"},
				"east": {"uv": [1, 2, 2, 14], "texture": "#redstone_block"},
				"south": {"uv": [1, 2, 2, 14], "texture": "#redstone_block"},
				"west": {"uv": [14, 2, 15, 14], "texture": "#redstone_block"}
			}
		},
		{
			"name": "3",
			"from": [2, 3, 2],
			"to": [3, 13, 3],
			"faces": {
				"north": {"uv": [13, 3, 14, 13], "texture": "#redstone_block"},
				"east": {"uv": [2, 3, 3, 13], "texture": "#redstone_block"},
				"south": {"uv": [2, 3, 3, 13], "texture": "#redstone_block"},
				"west": {"uv": [13, 3, 14, 13], "texture": "#redstone_block"}
			}
		},
		{
			"name": "1",
			"from": [0, 1, 15],
			"to": [1, 15, 16],
			"faces": {
				"north": {"uv": [15, 1, 16, 15], "texture": "#redstone_block"},
				"east": {"uv": [15, 1, 16, 15], "texture": "#redstone_block"},
				"south": {"uv": [0, 1, 1, 15], "texture": "#redstone_block"},
				"west": {"uv": [0, 1, 1, 15], "texture": "#redstone_block"}
			}
		},
		{
			"name": "2",
			"from": [1, 2, 14],
			"to": [2, 14, 15],
			"faces": {
				"north": {"uv": [14, 2, 15, 14], "texture": "#redstone_block"},
				"east": {"uv": [14, 2, 15, 14], "texture": "#redstone_block"},
				"south": {"uv": [1, 2, 2, 14], "texture": "#redstone_block"},
				"west": {"uv": [1, 2, 2, 14], "texture": "#redstone_block"}
			}
		},
		{
			"name": "3",
			"from": [2, 3, 13],
			"to": [3, 13, 14],
			"faces": {
				"north": {"uv": [13, 3, 14, 13], "texture": "#redstone_block"},
				"east": {"uv": [2, 3, 3, 13], "texture": "#redstone_block"},
				"south": {"uv": [2, 3, 3, 13], "texture": "#redstone_block"},
				"west": {"uv": [13, 3, 14, 13], "texture": "#redstone_block"}
			}
		},
		{
			"name": "1",
			"from": [15, 1, 0],
			"to": [16, 15, 1],
			"faces": {
				"north": {"uv": [0, 1, 1, 15], "texture": "#redstone_block"},
				"east": {"uv": [0, 1, 1, 15], "texture": "#redstone_block"},
				"south": {"uv": [15, 1, 16, 15], "texture": "#redstone_block"},
				"west": {"uv": [15, 1, 16, 15], "texture": "#redstone_block"}
			}
		},
		{
			"name": "2",
			"from": [14, 2, 1],
			"to": [15, 14, 2],
			"faces": {
				"north": {"uv": [1, 2, 2, 14], "texture": "#redstone_block"},
				"east": {"uv": [1, 2, 2, 14], "texture": "#redstone_block"},
				"south": {"uv": [14, 2, 15, 14], "texture": "#redstone_block"},
				"west": {"uv": [14, 2, 15, 14], "texture": "#redstone_block"}
			}
		},
		{
			"name": "3",
			"from": [13, 3, 2],
			"to": [14, 13, 3],
			"faces": {
				"north": {"uv": [2, 3, 3, 13], "texture": "#redstone_block"},
				"east": {"uv": [2, 3, 3, 13], "texture": "#redstone_block"},
				"south": {"uv": [13, 3, 14, 13], "texture": "#redstone_block"},
				"west": {"uv": [13, 3, 14, 13], "texture": "#redstone_block"}
			}
		},
		{
			"name": "1",
			"from": [15, 1, 15],
			"to": [16, 15, 16],
			"faces": {
				"north": {"uv": [0, 1, 1, 15], "texture": "#redstone_block"},
				"east": {"uv": [15, 1, 16, 15], "texture": "#redstone_block"},
				"south": {"uv": [15, 1, 16, 15], "texture": "#redstone_block"},
				"west": {"uv": [0, 1, 1, 15], "texture": "#redstone_block"}
			}
		},
		{
			"name": "2",
			"from": [14, 2, 14],
			"to": [15, 14, 15],
			"faces": {
				"north": {"uv": [1, 2, 2, 14], "texture": "#redstone_block"},
				"east": {"uv": [14, 2, 15, 14], "texture": "#redstone_block"},
				"south": {"uv": [14, 2, 15, 14], "texture": "#redstone_block"},
				"west": {"uv": [1, 2, 2, 14], "texture": "#redstone_block"}
			}
		},
		{
			"name": "3",
			"from": [13, 3, 13],
			"to": [14, 13, 14],
			"faces": {
				"north": {"uv": [2, 3, 3, 13], "texture": "#redstone_block"},
				"east": {"uv": [13, 3, 14, 13], "texture": "#redstone_block"},
				"south": {"uv": [13, 3, 14, 13], "texture": "#redstone_block"},
				"west": {"uv": [2, 3, 3, 13], "texture": "#redstone_block"}
			}
		},
		{
			"name": "cube_north",
			"from": [1, 1, 0],
			"to": [15, 15, 1],
			"faces": {
				"north": {"uv": [1, 1, 15, 15], "texture": "#glass"},
				"east": {"uv": [1, 1, 15, 15], "texture": "#glass"},
				"south": {"uv": [1, 1, 15, 15], "texture": "#glass"},
				"west": {"uv": [1, 1, 15, 15], "texture": "#glass"},
				"up": {"uv": [1, 1, 15, 15], "texture": "#glass"},
				"down": {"uv": [1, 1, 15, 15], "texture": "#glass"}
			}
		},
		{
			"name": "cube_south",
			"from": [1, 1, 15],
			"to": [15, 15, 16],
			"faces": {
				"north": {"uv": [1, 1, 15, 15], "texture": "#glass"},
				"east": {"uv": [1, 1, 15, 15], "texture": "#glass"},
				"south": {"uv": [1, 1, 15, 15], "texture": "#glass"},
				"west": {"uv": [1, 1, 15, 15], "texture": "#glass"},
				"up": {"uv": [1, 1, 15, 15], "texture": "#glass"},
				"down": {"uv": [1, 1, 15, 15], "texture": "#glass"}
			}
		},
		{
			"name": "cube_east",
			"from": [0, 1, 1],
			"to": [1, 15, 15],
			"faces": {
				"north": {"uv": [1, 1, 15, 15], "texture": "#glass"},
				"east": {"uv": [1, 1, 15, 15], "texture": "#glass"},
				"south": {"uv": [1, 1, 15, 15], "texture": "#glass"},
				"west": {"uv": [1, 1, 15, 15], "texture": "#glass"},
				"up": {"uv": [1, 1, 15, 15], "texture": "#glass"},
				"down": {"uv": [1, 1, 15, 15], "texture": "#glass"}
			}
		},
		{
			"name": "cube_west",
			"from": [15, 1, 1],
			"to": [16, 15, 15],
			"faces": {
				"north": {"uv": [1, 1, 15, 15], "texture": "#glass"},
				"east": {"uv": [1, 1, 15, 15], "texture": "#glass"},
				"south": {"uv": [1, 1, 15, 15], "texture": "#glass"},
				"west": {"uv": [1, 1, 15, 15], "texture": "#glass"},
				"up": {"uv": [1, 1, 15, 15], "texture": "#glass"},
				"down": {"uv": [1, 1, 15, 15], "texture": "#glass"}
			}
		},
		{
			"name": "cube_top",
			"from": [1, 15, 1],
			"to": [15, 16, 15],
			"faces": {
				"north": {"uv": [1, 1, 15, 15], "texture": "#glass"},
				"east": {"uv": [1, 1, 15, 15], "texture": "#glass"},
				"south": {"uv": [1, 1, 15, 15], "texture": "#glass"},
				"west": {"uv": [1, 1, 15, 15], "texture": "#glass"},
				"up": {"uv": [1, 1, 15, 15], "texture": "#glass"},
				"down": {"uv": [1, 1, 15, 15], "texture": "#glass"}
			}
		},
		{
			"name": "cube_bot",
			"from": [1, 0, 1],
			"to": [15, 1, 15],
			"faces": {
				"north": {"uv": [1, 1, 15, 15], "texture": "#glass"},
				"east": {"uv": [1, 1, 15, 15], "texture": "#glass"},
				"south": {"uv": [1, 1, 15, 15], "texture": "#glass"},
				"west": {"uv": [1, 1, 15, 15], "texture": "#glass"},
				"up": {"uv": [1, 1, 15, 15], "texture": "#glass"},
				"down": {"uv": [1, 1, 15, 15], "texture": "#glass"}
			}
		}
	],
	"display": {},
	"groups": [
		{
			"name": "top_north_c",
			"origin": [0, 0, 0],
			"color": 0,
			"children": [0, 1, 2]
		},
		{
			"name": "top_south_c",
			"origin": [0, 0, 0],
			"color": 0,
			"children": [3, 4, 5]
		},
		{
			"name": "top_east_c",
			"origin": [0, 0, 0],
			"color": 0,
			"children": [6, 7, 8]
		},
		{
			"name": "top_west_c",
			"origin": [0, 0, 0],
			"color": 0,
			"children": [9, 10, 11]
		},
		{
			"name": "bottom_north_c",
			"origin": [0, 0, 0],
			"color": 0,
			"children": [12, 13, 14]
		},
		{
			"name": "bottom_south_c",
			"origin": [0, 0, 0],
			"color": 0,
			"children": [15, 16, 17]
		},
		{
			"name": "bottom_east_c",
			"origin": [0, 0, 0],
			"color": 0,
			"children": [18, 19, 20]
		},
		{
			"name": "bottom_west_c",
			"origin": [0, 0, 0],
			"color": 0,
			"children": [21, 22, 23]
		},
		24,
		{
			"name": "north_east_c",
			"origin": [0, 0, 0],
			"color": 0,
			"children": [25, 26, 27]
		},
		{
			"name": "south_east",
			"origin": [0, 0, 0],
			"color": 0,
			"children": [28, 29, 30]
		},
		{
			"name": "north_west_c",
			"origin": [0, 0, 0],
			"color": 0,
			"children": [31, 32, 33]
		},
		{
			"name": "south_west",
			"origin": [0, 0, 0],
			"color": 0,
			"children": [34, 35, 36]
		},
		37,
		38,
		39,
		40,
		41,
		42
	]
}