{
  "parent": "minecraft:item/generated",
  "textures": {
    "layer0": "minecraft:item/emerald"
  },
  "overrides": [
    {
      "predicate": {
        "custom_model_data": 1
      },
      "model": "strawberry:item/coins/chococoin_copper"
    },
    {
      "predicate": {
        "custom_model_data": 2
      },
      "model": "strawberry:item/coins/chococoin_emerald"
    },
    {
      "predicate": {
        "custom_model_data": 3
      },
      "model": "strawberry:item/coins/chococoin_gold"
    }
  ]
}